Region,Country,Item Type,Sales Channel,Order Priority,Order Date,Order ID,Ship Date,Units Sold,Unit Price,Unit Cost,Total Revenue,Total Cost,Total Profit
Australia and Oceania,Tuvalu,Baby Food,Offline,H,2010-05-28,669165933,2010-06-27,9925,255.28,159.42,2533654.0,1582243.5,951410.5
Central America and the Caribbean,Grenada,Cereal,Online,C,2012-08-22,963881480,2012-09-15,2804,205.7,117.11,576782.8,328376.44,248406.36
Europe,Russia,Office Supplies,Offline,L,2014-05-02,341417157,2014-05-08,1779,651.21,524.96,1158502.59,933903.84,224598.75
Sub-Saharan Africa,Sao Tome and Principe,Fruits,Online,C,2014-06-20,514321792,2014-07-05,8102,9.33,6.92,75591.66,56065.84,19525.82
Sub-Saharan Africa,Rwanda,Office Supplies,Offline,L,2013-02-01,115456712,2013-02-06,5062,651.21,524.96,3296425.02,2657347.52,639077.5
Australia and Oceania,Solomon Islands,Baby Food,Online,C,2015-02-04,547995746,2015-02-21,2974,255.28,159.42,759202.72,474115.08,285087.64
Sub-Saharan Africa,Angola,Household,Offline,M,2011-04-23,135425221,2011-04-27,4187,668.27,502.54,2798046.49,2104134.98,693911.51
Sub-Saharan Africa,Burkina Faso,Vegetables,Online,H,2012-07-17,871543967,2012-07-27,8082,154.06,90.93,1245112.92,734896.26,510216.66
Sub-Saharan Africa,Republic of the Congo,Personal Care,Offline,M,2015-07-14,770463311,2015-08-25,6070,81.73,56.67,496101.1,343986.9,152114.2
Sub-Saharan Africa,Senegal,Cereal,Online,H,2014-04-18,616607081,2014-05-30,6593,205.7,117.11,1356180.1,772106.23,584073.87
Asia,Kyrgyzstan,Vegetables,Online,H,2011-06-24,814711606,2011-07-12,124,154.06,90.93,19103.44,11275.32,7828.12
Sub-Saharan Africa,Cape Verde,Clothes,Offline,H,2014-08-02,939825713,2014-08-19,4168,109.28,35.84,455479.04,149381.12,306097.92
Asia,Bangladesh,Clothes,Online,L,2017-01-13,187310731,2017-03-01,8263,109.28,35.84,902980.64,296145.92,606834.72
Central America and the Caribbean,Honduras,Household,Offline,H,2017-02-08,522840487,2017-02-13,8974,668.27,502.54,5997054.98,4509793.96,1487261.02
Asia,Mongolia,Personal Care,Offline,C,2014-02-19,832401311,2014-02-23,4901,81.73,56.67,400558.73,277739.67,122819.06
Europe,Bulgaria,Clothes,Online,M,2012-04-23,972292029,2012-06-03,1673,109.28,35.84,182825.44,59960.32,122865.12
Asia,Sri Lanka,Cosmetics,Offline,M,2016-11-19,419123971,2016-12-18,6952,437.2,263.33,3039414.4,1830670.16,1208744.24
Sub-Saharan Africa,Cameroon,Beverages,Offline,C,2015-04-01,519820964,2015-04-18,5430,47.45,31.79,257653.5,172619.7,85033.8
Asia,Turkmenistan,Household,Offline,L,2010-12-30,441619336,2011-01-20,3830,668.27,502.54,2559474.1,1924728.2,634745.9
Australia and Oceania,East Timor,Meat,Online,L,2012-07-31,322067916,2012-09-11,5908,421.89,364.69,2492526.12,2154588.52,337937.6
Europe,Norway,Baby Food,Online,L,2014-05-14,819028031,2014-06-28,7450,255.28,159.42,1901836.0,1187679.0,714157.0
Europe,Portugal,Baby Food,Online,H,2015-07-31,860673511,2015-09-03,1273,255.28,159.42,324971.44,202941.66,122029.78
Central America and the Caribbean,Honduras,Snacks,Online,L,2016-06-30,795490682,2016-07-26,2225,152.58,97.44,339490.5,216804.0,122686.5
Australia and Oceania,New Zealand,Fruits,Online,H,2014-09-08,142278373,2014-10-04,2187,9.33,6.92,20404.71,15134.04,5270.67
Europe,Moldova ,Personal Care,Online,L,2016-05-07,740147912,2016-05-10,5070,81.73,56.67,414371.1,287316.9,127054.2
Europe,France,Cosmetics,Online,H,2017-05-22,898523128,2017-06-05,1815,437.2,263.33,793518.0,477943.95,315574.05
Australia and Oceania,Kiribati,Fruits,Online,M,2014-10-13,347140347,2014-11-10,5398,9.33,6.92,50363.34,37354.16,13009.18
Sub-Saharan Africa,Mali,Fruits,Online,L,2010-05-07,686048400,2010-05-10,5822,9.33,6.92,54319.26,40288.24,14031.02
Europe,Norway,Beverages,Offline,C,2014-07-18,435608613,2014-07-30,5124,47.45,31.79,243133.8,162891.96,80241.84
Sub-Saharan Africa,The Gambia,Household,Offline,L,2012-05-26,886494815,2012-06-09,2370,668.27,502.54,1583799.9,1191019.8,392780.1
Europe,Switzerland,Cosmetics,Offline,M,2012-09-17,249693334,2012-10-20,8661,437.2,263.33,3786589.2,2280701.13,1505888.07
Sub-Saharan Africa,South Sudan,Personal Care,Offline,C,2013-12-29,406502997,2014-01-28,2125,81.73,56.67,173676.25,120423.75,53252.5
Australia and Oceania,Australia,Office Supplies,Online,C,2015-10-27,158535134,2015-11-25,2924,651.21,524.96,1904138.04,1534983.04,369155.0
Asia,Myanmar,Household,Offline,H,2015-01-16,177713572,2015-03-01,8250,668.27,502.54,5513227.5,4145955.0,1367272.5
Sub-Saharan Africa,Djibouti,Snacks,Online,M,2017-02-25,756274640,2017-02-25,7327,152.58,97.44,1117953.66,713942.88,404010.78
Central America and the Caribbean,Costa Rica,Personal Care,Offline,L,2017-05-08,456767165,2017-05-21,6409,81.73,56.67,523807.57,363198.03,160609.54
Middle East and North Africa,Syria,Fruits,Online,L,2011-11-22,162052476,2011-12-03,3784,9.33,6.92,35304.72,26185.28,9119.44
Sub-Saharan Africa,The Gambia,Meat,Online,M,2017-01-14,825304400,2017-01-23,4767,421.89,364.69,2011149.63,1738477.23,272672.4
Asia,Brunei,Office Supplies,Online,L,2012-04-01,320009267,2012-05-08,6708,651.21,524.96,4368316.68,3521431.68,846885.0
Europe,Bulgaria,Office Supplies,Online,M,2012-02-16,189965903,2012-02-28,3987,651.21,524.96,2596374.27,2093015.52,503358.75
Sub-Saharan Africa,Niger,Personal Care,Online,H,2017-03-11,699285638,2017-03-28,3015,81.73,56.67,246415.95,170860.05,75555.9
Middle East and North Africa,Azerbaijan,Cosmetics,Online,M,2010-02-06,382392299,2010-02-25,7234,437.2,263.33,3162704.8,1904929.22,1257775.58
Sub-Saharan Africa,The Gambia,Cereal,Offline,H,2012-06-07,994022214,2012-06-08,2117,205.7,117.11,435466.9,247921.87,187545.03
Europe,Slovakia,Vegetables,Online,H,2012-10-06,759224212,2012-11-10,171,154.06,90.93,26344.26,15549.03,10795.23
Asia,Myanmar,Clothes,Online,H,2015-11-14,223359620,2015-11-18,5930,109.28,35.84,648030.4,212531.2,435499.2
Sub-Saharan Africa,Comoros,Cereal,Offline,H,2016-03-29,902102267,2016-04-29,962,205.7,117.11,197883.4,112659.82,85223.58
Europe,Iceland,Cosmetics,Online,C,2016-12-31,331438481,2016-12-31,8867,437.2,263.33,3876652.4,2334947.11,1541705.29
Europe,Switzerland,Personal Care,Online,M,2010-12-23,617667090,2011-01-31,273,81.73,56.67,22312.29,15470.91,6841.38
Europe,Macedonia,Clothes,Offline,C,2014-10-14,787399423,2014-11-14,7842,109.28,35.84,856973.76,281057.28,575916.48
Sub-Saharan Africa,Mauritania,Office Supplies,Offline,C,2012-01-11,837559306,2012-01-13,1266,651.21,524.96,824431.86,664599.36,159832.5
Europe,Albania,Clothes,Online,C,2010-02-02,385383069,2010-03-18,2269,109.28,35.84,247956.32,81320.96,166635.36
Sub-Saharan Africa,Lesotho,Fruits,Online,L,2013-08-18,918419539,2013-09-18,9606,9.33,6.92,89623.98,66473.52,23150.46
Middle East and North Africa,Saudi Arabia,Cereal,Online,M,2013-03-25,844530045,2013-03-28,4063,205.7,117.11,835759.1,475817.93,359941.17
Sub-Saharan Africa,Sierra Leone,Office Supplies,Offline,M,2011-11-26,441888415,2012-01-07,3457,651.21,524.96,2251232.97,1814786.72,436446.25
Sub-Saharan Africa,Sao Tome and Principe,Fruits,Offline,H,2013-09-17,508980977,2013-10-24,7637,9.33,6.92,71253.21,52848.04,18405.17
Sub-Saharan Africa,Cote d'Ivoire,Clothes,Online,C,2012-06-08,114606559,2012-06-27,3482,109.28,35.84,380512.96,124794.88,255718.08
Australia and Oceania,Fiji,Clothes,Offline,C,2010-06-30,647876489,2010-08-01,9905,109.28,35.84,1082418.4,354995.2,727423.2
Europe,Austria,Cosmetics,Offline,H,2015-02-23,868214595,2015-03-02,2847,437.2,263.33,1244708.4,749700.51,495007.89
Europe,United Kingdom,Household,Online,L,2012-01-05,955357205,2012-02-14,282,668.27,502.54,188452.14,141716.28,46735.86
Sub-Saharan Africa,Djibouti,Cosmetics,Offline,H,2014-04-07,259353148,2014-04-19,7215,437.2,263.33,3154398.0,1899925.95,1254472.05
Australia and Oceania,Australia,Cereal,Offline,H,2013-06-09,450563752,2013-07-02,682,205.7,117.11,140287.4,79869.02,60418.38
Europe,San Marino,Baby Food,Online,L,2013-06-26,569662845,2013-07-01,4750,255.28,159.42,1212580.0,757245.0,455335.0
Sub-Saharan Africa,Cameroon,Office Supplies,Online,M,2011-11-07,177636754,2011-11-15,5518,651.21,524.96,3593376.78,2896729.28,696647.5
Middle East and North Africa,Libya,Clothes,Offline,H,2010-10-30,705784308,2010-11-17,6116,109.28,35.84,668356.48,219197.44,449159.04
Central America and the Caribbean,Haiti,Cosmetics,Offline,H,2013-10-13,505716836,2013-11-16,1705,437.2,263.33,745426.0,448977.65,296448.35
Sub-Saharan Africa,Rwanda,Cosmetics,Offline,H,2013-10-11,699358165,2013-11-25,4477,437.2,263.33,1957344.4,1178928.41,778415.99
Sub-Saharan Africa,Gabon,Personal Care,Offline,L,2012-07-08,228944623,2012-07-09,8656,81.73,56.67,707454.88,490535.52,216919.36
Central America and the Caribbean,Belize,Clothes,Offline,M,2016-07-25,807025039,2016-09-07,5498,109.28,35.84,600821.44,197048.32,403773.12
Europe,Lithuania,Office Supplies,Offline,H,2010-10-24,166460740,2010-11-17,8287,651.21,524.96,5396577.27,4350343.52,1046233.75
Sub-Saharan Africa,Madagascar,Clothes,Offline,L,2015-04-25,610425555,2015-05-28,7342,109.28,35.84,802333.76,263137.28,539196.48
Asia,Turkmenistan,Office Supplies,Online,M,2013-04-23,462405812,2013-05-20,5010,651.21,524.96,3262562.1,2630049.6,632512.5
Middle East and North Africa,Libya,Fruits,Online,L,2015-08-14,816200339,2015-09-30,673,9.33,6.92,6279.09,4657.16,1621.93
Sub-Saharan Africa,Democratic Republic of the Congo,Beverages,Online,C,2011-05-26,585920464,2011-07-15,5741,47.45,31.79,272410.45,182506.39,89904.06
Sub-Saharan Africa,Djibouti,Cereal,Online,H,2017-05-20,555990016,2017-06-17,8656,205.7,117.11,1780539.2,1013704.16,766835.04
Middle East and North Africa,Pakistan,Cosmetics,Offline,L,2013-07-05,231145322,2013-08-16,9892,437.2,263.33,4324782.4,2604860.36,1719922.04
North America,Mexico,Household,Offline,C,2014-11-06,986435210,2014-12-12,6954,668.27,502.54,4647149.58,3494663.16,1152486.42
Australia and Oceania,Federated States of Micronesia,Beverages,Online,C,2014-10-28,217221009,2014-11-15,9379,47.45,31.79,445033.55,298158.41,146875.14
Asia,Laos,Vegetables,Offline,C,2011-09-15,789176547,2011-10-23,3732,154.06,90.93,574951.92,339350.76,235601.16
Europe,Monaco,Baby Food,Offline,H,2012-05-29,688288152,2012-06-02,8614,255.28,159.42,2198981.92,1373243.88,825738.04
Australia and Oceania,Samoa ,Cosmetics,Online,H,2013-07-20,670854651,2013-08-07,9654,437.2,263.33,4220728.8,2542187.82,1678540.98
Europe,Spain,Household,Offline,L,2012-10-21,213487374,2012-11-30,4513,668.27,502.54,3015902.51,2267963.02,747939.49
Middle East and North Africa,Lebanon,Clothes,Online,L,2012-09-18,663110148,2012-10-08,7884,109.28,35.84,861563.52,282562.56,579000.96
Middle East and North Africa,Iran,Cosmetics,Online,H,2016-11-15,286959302,2016-12-08,6489,437.2,263.33,2836990.8,1708748.37,1128242.43
Sub-Saharan Africa,Zambia,Snacks,Online,L,2011-01-04,122583663,2011-01-05,4085,152.58,97.44,623289.3,398042.4,225246.9
Sub-Saharan Africa,Kenya,Vegetables,Online,L,2012-03-18,827844560,2012-04-07,6457,154.06,90.93,994765.42,587135.01,407630.41
North America,Mexico,Personal Care,Offline,L,2012-02-17,430915820,2012-03-20,6422,81.73,56.67,524870.06,363934.74,160935.32
Sub-Saharan Africa,Sao Tome and Principe,Beverages,Offline,C,2011-01-16,180283772,2011-01-21,8829,47.45,31.79,418936.05,280673.91,138262.14
Sub-Saharan Africa,The Gambia,Baby Food,Offline,M,2014-02-03,494747245,2014-03-20,5559,255.28,159.42,1419101.52,886215.78,532885.74
Middle East and North Africa,Kuwait,Fruits,Online,M,2012-04-30,513417565,2012-05-18,522,9.33,6.92,4870.26,3612.24,1258.02
Europe,Slovenia,Beverages,Offline,C,2016-10-23,345718562,2016-11-25,4660,47.45,31.79,221117.0,148141.4,72975.6
Sub-Saharan Africa,Sierra Leone,Office Supplies,Offline,H,2016-12-06,621386563,2016-12-14,948,651.21,524.96,617347.08,497662.08,119685.0
Australia and Oceania,Australia,Beverages,Offline,H,2014-07-07,240470397,2014-07-11,9389,47.45,31.79,445508.05,298476.31,147031.74
Middle East and North Africa,Azerbaijan,Office Supplies,Online,M,2012-06-13,423331391,2012-07-24,2021,651.21,524.96,1316095.41,1060944.16,255151.25
Europe,Romania,Cosmetics,Online,H,2010-11-26,660643374,2010-12-25,7910,437.2,263.33,3458252.0,2082940.3,1375311.7
Central America and the Caribbean,Nicaragua,Beverages,Offline,C,2011-02-08,963392674,2011-03-21,8156,47.45,31.79,387002.2,259279.24,127722.96
Sub-Saharan Africa,Mali,Clothes,Online,M,2011-07-26,512878119,2011-09-03,888,109.28,35.84,97040.64,31825.92,65214.72
Asia,Malaysia,Fruits,Offline,L,2011-11-11,810711038,2011-12-28,6267,9.33,6.92,58471.11,43367.64,15103.47
Sub-Saharan Africa,Sierra Leone,Vegetables,Offline,C,2016-06-01,728815257,2016-06-29,1485,154.06,90.93,228779.1,135031.05,93748.05
North America,Mexico,Personal Care,Offline,M,2015-07-30,559427106,2015-08-08,5767,81.73,56.67,471336.91,326815.89,144521.02
Sub-Saharan Africa,Mozambique,Household,Offline,L,2012-02-10,665095412,2012-02-15,5367,668.27,502.54,3586605.09,2697132.18,889472.91
Central America and the Caribbean,Russia,Electronics,Offline,L,2012-04-26,276380025,2013-07-18,2753,429.74,202.76,1183074.22,558198.28,624875.94
Australia and Oceania,Egypt,Office Supplies,Offline,L,2013-09-14,643520781,2016-07-08,436,429.74,202.76,187366.64,88403.36,98963.28
Middle East and North Africa,Russia,Clothes,Online,M,2016-06-25,404911573,2016-08-14,1424,429.74,202.76,611949.76,288730.24,323219.52
Middle East and North Africa,Russia,Baby Food,Offline,L,2012-09-10,453659704,2016-05-14,1384,429.74,202.76,594760.16,280619.84,314140.32000000007
Europe,Germany,Clothes,Offline,H,2012-02-05,373156538,2012-10-17,1069,429.74,202.76,459392.06,216750.44,242641.62
Europe,Grenada,Electronics,Offline,M,2011-11-19,943255914,2013-04-03,1141,429.74,202.76,490333.34,231349.16,258984.18
Europe,India,Clothes,Online,H,2010-03-22,734227255,2011-05-29,8990,429.74,202.76,3863362.6,1822812.4,2040550.2
Central America and the Caribbean,Sao Tome and Principe,Baby Food,Offline,C,2016-06-10,835025220,2016-11-03,9440,429.74,202.76,4056745.6,1914054.4,2142691.2
Asia,Sao Tome and Principe,Fruits,Online,L,2014-06-17,421905751,2014-07-19,2170,429.74,202.76,932535.8,439989.2,492546.6000000001
Sub-Saharan Africa,Grenada,Office Supplies,Online,L,2013-07-29,946455525,2016-02-22,9401,429.74,202.76,4039985.74,1906146.76,2133838.9800000004
Sub-Saharan Africa,Brazil,Electronics,Online,H,2012-02-04,201377172,2015-02-26,1139,429.74,202.76,489473.86,230943.64,258530.22
Central America and the Caribbean,Sao Tome and Principe,Electronics,Online,L,2010-12-19,405376284,2015-03-18,7628,429.74,202.76,3278056.72,1546653.28,1731403.4400000002
Central America and the Caribbean,Russia,Electronics,Online,C,2010-08-21,904348700,2011-12-30,4549,429.74,202.76,1954887.26,922355.24,1032532.02
Sub-Saharan Africa,Egypt,Office Supplies,Online,C,2011-05-05,422053152,2013-09-28,3732,429.74,202.76,1603789.68,756700.32,847089.36
Europe,India,Office Supplies,Offline,C,2010-02-04,405569612,2010-03-13,8282,429.74,202.76,3559106.68,1679258.3199999998,1879848.3600000003
Asia,Rwanda,Baby Food,Offline,H,2010-09-16,244305640,2012-04-03,4060,429.74,202.76,1744744.4,823205.6,921538.8000000002
Middle East and North Africa,Tuvalu,Clothes,Offline,L,2010-02-01,193051154,2016-01-22,5095,429.74,202.76,2189525.3,1033062.2,1156463.1
Australia and Oceania,Grenada,Office Supplies,Online,H,2013-07-31,141516600,2016-10-03,594,429.74,202.76,255265.56,120439.44,134826.12
Middle East and North Africa,Brazil,Cereal,Offline,M,2010-03-01,505744668,2012-04-18,8077,429.74,202.76,3471009.98,1637692.52,1833317.46
Middle East and North Africa,Egypt,Baby Food,Online,C,2013-03-27,972123504,2014-02-26,5731,429.74,202.76,2462839.94,1162017.56,1300822.38
Sub-Saharan Africa,France,Fruits,Offline,M,2014-06-04,735612190,2016-03-03,3333,429.74,202.76,1432323.42,675799.08,756524.34
Sub-Saharan Africa,Sao Tome and Principe,Baby Food,Offline,L,2012-07-07,686990469,2015-06-20,7831,429.74,202.76,3365293.94,1587813.5599999998,1777480.38
Sub-Saharan Africa,Sao Tome and Principe,Cereal,Offline,L,2016-02-27,445244030,2016-11-23,808,429.74,202.76,347229.92,163830.08,183399.84
Central America and the Caribbean,Sao Tome and Principe,Cereal,Online,L,2010-02-14,377317267,2013-01-13,3180,429.74,202.76,1366573.2,644776.7999999999,721796.4
Middle East and North Africa,Russia,Office Supplies,Offline,H,2013-09-03,563028024,2014-03-07,2938,429.74,202.76,1262576.12,595708.88,666867.2400000001
Middle East and North Africa,India,Cereal,Offline,L,2011-06-17,624098542,2014-06-02,7909,429.74,202.76,3398813.66,1603628.84,1795184.8200000003
Central America and the Caribbean,Germany,Fruits,Online,C,2012-09-18,583656907,2015-05-15,9626,429.74,202.76,4136677.24,1951767.76,2184909.4800000004
Asia,France,Clothes,Online,M,2014-09-13,685704986,2015-04-13,5472,429.74,202.76,2351537.2800000003,1109502.72,1242034.5600000003
Australia and Oceania,Brazil,Office Supplies,Online,L,2012-10-19,403769396,2015-06-27,4329,429.74,202.76,1860344.46,877748.0399999999,982596.42
Middle East and North Africa,Sao Tome and Principe,Office Supplies,Offline,H,2013-06-23,688874583,2014-07-11,1975,429.74,202.76,848736.5,400451.0,448285.5
Australia and Oceania,Rwanda,Baby Food,Online,H,2015-03-27,636538698,2016-07-23,5119,429.74,202.76,2199839.06,1037928.44,1161910.62
Central America and the Caribbean,France,Office Supplies,Offline,H,2011-08-22,862705931,2011-10-26,7043,429.74,202.76,3026658.82,1428038.68,1598620.14
Central America and the Caribbean,Russia,Clothes,Offline,C,2013-02-21,644069990,2014-11-09,6642,429.74,202.76,2854333.08,1346731.92,1507601.16
Australia and Oceania,Egypt,Fruits,Online,H,2011-01-08,667476710,2011-07-03,4824,429.74,202.76,2073065.76,978114.24,1094951.52
Asia,Rwanda,Electronics,Online,C,2010-06-04,697601735,2016-04-27,2531,429.74,202.76,1087671.94,513185.56,574486.3799999999
Central America and the Caribbean,India,Fruits,Online,L,2012-09-27,577820718,2016-04-19,2837,429.74,202.76,1219172.38,575230.12,643942.2600000001
Sub-Saharan Africa,Sao Tome and Principe,Baby Food,Online,H,2011-07-17,182614238,2012-11-23,3545,429.74,202.76,1523428.3,718784.2,804644.1000000001
Asia,Grenada,Clothes,Offline,L,2014-07-23,485462046,2015-07-07,1110,429.74,202.76,477011.4,225063.6,251947.80000000005
Australia and Oceania,Rwanda,Clothes,Online,M,2014-12-10,909838376,2016-09-20,2018,429.74,202.76,867215.3200000001,409169.68,458045.6400000001
Sub-Saharan Africa,Rwanda,Fruits,Online,H,2012-06-07,706827828,2013-04-16,838,429.74,202.76,360122.12,169912.88,190209.24
Middle East and North Africa,Rwanda,Electronics,Offline,L,2012-05-29,188216103,2015-11-23,2780,429.74,202.76,1194677.2,563672.7999999999,631004.4
Sub-Saharan Africa,Rwanda,Clothes,Online,M,2013-12-21,713894184,2016-11-01,3794,429.74,202.76,1630433.56,769271.44,861162.1200000001
Australia and Oceania,Rwanda,Cereal,Offline,C,2012-02-10,650155943,2012-08-09,4993,429.74,202.76,2145691.82,1012380.68,1133311.14
Europe,France,Baby Food,Offline,M,2011-03-08,329236903,2014-08-14,3255,429.74,202.76,1398803.7,659983.7999999999,738819.9
Sub-Saharan Africa,Tuvalu,Clothes,Offline,L,2010-01-10,919169347,2015-12-29,4218,429.74,202.76,1812643.32,855241.6799999999,957401.64
Central America and the Caribbean,Russia,Clothes,Offline,L,2011-02-25,716644358,2015-01-24,8226,429.74,202.76,3535041.24,1667903.76,1867137.48
Australia and Oceania,Sao Tome and Principe,Electronics,Offline,H,2011-12-22,724906449,2013-05-20,191,429.74,202.76,82080.34,38727.16,43353.18
Australia and Oceania,Sao Tome and Principe,Electronics,Online,H,2010-04-01,472443024,2015-05-16,1177,429.74,202.76,505803.98,238648.52,267155.4600000001
Sub-Saharan Africa,Grenada,Cereal,Online,L,2011-12-23,547602584,2016-02-14,2917,429.74,202.76,1253551.58,591450.9199999999,662100.6600000001
Asia,Germany,Cereal,Online,M,2014-03-27,951847045,2014-09-20,4139,429.74,202.76,1778693.86,839223.64,939470.22
Central America and the Caribbean,Tuvalu,Cereal,Offline,L,2015-06-17,821503200,2016-08-04,9013,429.74,202.76,3873246.62,1827475.88,2045770.74
Australia and Oceania,Rwanda,Office Supplies,Offline,C,2013-09-09,548911242,2016-03-13,5808,429.74,202.76,2495929.92,1177630.0799999998,1318299.84
Europe,Sao Tome and Principe,Baby Food,Online,M,2011-04-10,612520434,2013-08-24,8631,429.74,202.76,3709085.94,1750021.5599999998,1959064.38
Sub-Saharan Africa,Egypt,Fruits,Online,L,2011-03-07,467508567,2015-10-16,8362,429.74,202.76,3593485.88,1695479.12,1898006.76
Australia and Oceania,India,Fruits,Offline,H,2012-03-07,827130737,2013-06-30,5025,429.74,202.76,2159443.5,1018869.0,1140574.5
Sub-Saharan Africa,Brazil,Cereal,Online,H,2013-07-12,738166642,2014-06-29,1174,429.74,202.76,504514.76,238040.24,266474.52
Sub-Saharan Africa,Rwanda,Office Supplies,Offline,H,2010-06-20,453299201,2014-04-15,3305,429.74,202.76,1420290.7,670121.7999999999,750168.9
Asia,Tuvalu,Electronics,Online,M,2010-05-22,917689705,2013-12-26,2175,429.74,202.76,934684.5,441003.0,493681.5
Central America and the Caribbean,Egypt,Office Supplies,Offline,M,2014-07-04,888646261,2015-07-02,1934,429.74,202.76,831117.16,392137.84,438979.32000000007
Asia,Brazil,Cereal,Offline,M,2013-01-28,936610342,2014-02-17,9449,429.74,202.76,4060613.26,1915879.24,2144734.0200000005
Central America and the Caribbean,Tuvalu,Electronics,Offline,H,2012-01-25,868407798,2015-08-13,823,429.74,202.76,353676.02,166871.47999999998,186804.54000000004
Australia and Oceania,Rwanda,Cereal,Online,L,2010-06-12,854055057,2013-01-06,1717,429.74,202.76,737863.58,348138.92,389724.66
Europe,Grenada,Clothes,Offline,L,2010-03-26,618714382,2013-03-29,6187,429.74,202.76,2658801.38,1254476.12,1404325.26
Middle East and North Africa,Germany,Electronics,Offline,M,2010-01-16,574166630,2016-05-06,429,429.74,202.76,184358.46,86984.04,97374.42
Australia and Oceania,Rwanda,Cereal,Offline,C,2012-07-06,858186101,2016-03-04,3182,429.74,202.76,1367432.68,645182.32,722250.36
Middle East and North Africa,Sao Tome and Principe,Cereal,Online,M,2010-01-17,626438202,2010-12-09,767,429.74,202.76,329610.58,155516.91999999998,174093.66000000003
Europe,Brazil,Clothes,Online,C,2010-05-17,802356167,2012-09-30,7565,429.74,202.76,3250983.1,1533879.4,1717103.7000000002
Central America and the Caribbean,Tuvalu,Clothes,Offline,M,2010-11-08,717808881,2016-06-26,9325,429.74,202.76,4007325.5,1890737.0,2116588.5
Europe,France,Clothes,Offline,L,2010-03-03,200708071,2015-09-21,2385,429.74,202.76,1024929.9,483582.6,541347.3
Europe,Rwanda,Fruits,Offline,L,2010-12-25,972335016,2016-12-28,7328,429.74,202.76,3149134.72,1485825.28,1663309.4400000002
Asia,Russia,Cereal,Offline,H,2013-05-09,127917345,2016-08-30,2567,429.74,202.76,1103142.58,520484.92,582657.6600000001
Asia,France,Cereal,Offline,C,2013-01-14,791636001,2016-12-09,6256,429.74,202.76,2688453.44,1268466.56,1419986.88
Central America and the Caribbean,Sao Tome and Principe,Clothes,Online,C,2013-01-28,723722771,2015-05-03,4377,429.74,202.76,1880971.98,887480.5199999999,993491.46
Central America and the Caribbean,Tuvalu,Office Supplies,Offline,M,2013-04-27,195186750,2015-09-07,4348,429.74,202.76,1868509.52,881600.48,986909.04
Europe,Egypt,Clothes,Offline,C,2012-08-29,560337720,2015-12-12,7880,429.74,202.76,3386351.2,1597748.7999999998,1788602.4000000004
Asia,Grenada,Cereal,Offline,L,2013-01-12,176477269,2015-04-24,1643,429.74,202.76,706062.8200000001,333134.68,372928.1400000001
Middle East and North Africa,France,Cereal,Offline,L,2011-09-02,676999588,2016-01-29,8579,429.74,202.76,3686739.46,1739478.04,1947261.42
Central America and the Caribbean,India,Office Supplies,Online,H,2010-11-24,265896778,2013-06-20,5018,429.74,202.76,2156435.32,1017449.68,1138985.64
Sub-Saharan Africa,Brazil,Cereal,Online,H,2012-09-20,476861669,2015-09-09,8591,429.74,202.76,3691896.34,1741911.16,1949985.18
Central America and the Caribbean,Germany,Baby Food,Online,C,2010-08-06,759985977,2013-01-10,4429,429.74,202.76,1903318.46,898024.0399999999,1005294.42
Sub-Saharan Africa,Brazil,Office Supplies,Offline,M,2014-02-13,505007824,2016-03-29,7292,429.74,202.76,3133664.08,1478525.92,1655138.16
Asia,Egypt,Baby Food,Online,L,2013-07-30,574361998,2014-11-09,9077,429.74,202.76,3900749.98,1840452.52,2060297.46
Central America and the Caribbean,Brazil,Clothes,Offline,C,2010-12-14,613878748,2013-09-07,8638,429.74,202.76,3712094.12,1751440.88,1960653.24
Middle East and North Africa,Sao Tome and Principe,Fruits,Online,L,2011-03-25,731998325,2011-12-28,3720,429.74,202.76,1598632.8,754267.2,844365.6000000001
Europe,Egypt,Clothes,Offline,M,2010-11-12,620591442,2013-10-29,2387,429.74,202.76,1025789.38,483988.12,541801.26
Central America and the Caribbean,Germany,Cereal,Online,L,2010-09-09,715459319,2012-11-27,7831,429.74,202.76,3365293.94,1587813.5599999998,1777480.38
Central America and the Caribbean,France,Electronics,Online,L,2011-02-11,359296391,2013-09-03,6020,429.74,202.76,2587034.8000000003,1220615.2,1366419.6000000003
Middle East and North Africa,Brazil,Fruits,Offline,M,2014-03-01,307325247,2014-11-30,2071,429.74,202.76,889991.54,419915.96,470075.5800000001
Sub-Saharan Africa,Brazil,Electronics,Online,H,2010-04-12,992986433,2013-04-22,5474,429.74,202.76,2352396.76,1109908.24,1242488.5200000005
Sub-Saharan Africa,France,Cereal,Offline,L,2012-12-15,595503114,2015-10-23,503,429.74,202.76,216159.22,101988.28,114170.94
Sub-Saharan Africa,Sao Tome and Principe,Office Supplies,Offline,C,2010-02-12,426530934,2014-11-27,3389,429.74,202.76,1456388.86,687153.64,769235.2200000001
Asia,Tuvalu,Cereal,Offline,L,2010-07-12,495249508,2013-04-05,2219,429.74,202.76,953593.06,449924.44,503668.62000000005
Middle East and North Africa,Rwanda,Electronics,Offline,H,2013-06-22,169464360,2016-03-03,7803,429.74,202.76,3353261.22,1582136.28,1771124.9400000002
Sub-Saharan Africa,Russia,Fruits,Online,L,2015-12-13,191641644,2016-03-28,1154,429.74,202.76,495919.96,233985.04,261934.92000000004
Middle East and North Africa,France,Cereal,Offline,H,2010-10-03,789694622,2011-07-12,9703,429.74,202.76,4169767.22,1967380.28,2202386.9400000004
Australia and Oceania,Egypt,Fruits,Online,C,2011-01-01,964503356,2014-01-13,6237,429.74,202.76,2680288.38,1264614.12,1415674.26
Asia,Sao Tome and Principe,Clothes,Offline,H,2013-05-21,284721402,2015-04-29,1980,429.74,202.76,850885.2000000001,401464.8,449420.4000000001
Australia and Oceania,Rwanda,Electronics,Online,C,2010-12-14,206025915,2016-09-06,7721,429.74,202.76,3318022.54,1565509.96,1752512.58
Middle East and North Africa,Rwanda,Baby Food,Online,L,2012-01-20,303215725,2014-09-04,6521,429.74,202.76,2802334.54,1322197.96,1480136.58
